variant,mae_eur,rmse_eur,r2
xgboost_full,1789689.3151705486,5233762.556475695,0.7260583584514255
xgboost_without_current_club_competition,1943040.4478700333,5420643.902267369,0.7061458837994561
delta,153351.1326994847,186881.34579167422,-0.019912474651969436
