position,n,median_actual_eur,mae_eur
Missing,23,150000.0,437052.3879076087
Goalkeeper,842,400000.0,920096.0927200861
Defender,2536,800000.0,1357680.3471340816
Midfield,2257,850000.0,1761560.1673197276
Attack,2188,900000.0,2110509.166429816
